{"configs_key":{"whatsapp_number":"919509528528","srt_enabled":"true","adds_episodes_interval":"2","upgrade_popup_skip_premium_page":"false","signup_mandatory_v2":"false","invite_remote_listening_time2":"60","show_ribbon_extra_data":"false","free_tag_visibility":"true","audio_promotion":"true","language_coachmark":"false","episodes_pagination_size":"10","premium_support_phone":"02071530214","should_show_contact_in_invite":"false","show_app_rating_layout":"true","pause_nudge":"false","should_play_campaign_cu":"false","show_daily_updates_if_lang_hindi":"true","max_adds_per_day":"30","should_skip_download_popup_show_subscription":"false","always_show_premium_tab":"false","allow_access_background_guide":"false","details_tab_active":"false","play_trailer_content_preview":"true","show_player_notification_app_open":"true","play_audio_on_banner_click":"false","show_shows_languages":"false","rating_redirect_playstore":"false","player_experiment_d0":"false","show_onboarding_content_lang_screen":"true","show_curation_onboarding":"true","scroll_nudge_text":"Discover More","call_us_phones":"919929064400","skip_payment_failed_pending_page":"false","library_category_list":"null","retry_notification_image_count":"3","api_response_caching_duration":"600","show_listen_count":"true","premium_faqs":"null","mute_trailer_on_show_page":"true","animate_unlock_button_player":"false","show_player_onboarding":"true","enable_guilt_popup_for_renewals":"false","show_episode_count":"10","show_download_discovery_indicators":"false","user_share_image":"true","enable_skip_on_onboarding_category":"false","rating_popup_count":"5","invite_layout_visibility":"false","show_content_language_after_login":"false","autoplay_on_player_for_new_user":"1","cu_autoplay":"false","premium_support_mail":"premium@kukufm.com","should_skip_paywall_screen":"false","call_us_popup_data":"null","login_screen_show_graphic":"true","show_premium_tag_for_fiction":"true","followed_podcast_source":"local_db","otp_resend_time":"60","profile_completion_on_follow":"false","should_show_onboarding_v3":"false","show_call_us_icon":"false","should_pre_apply_coupon_via_discount_discovery":"true","show_gifting":"false","show_rating":"true","show_interstitial_ads":"true","content_preview_enabled":"true","show_facebook_login":"false","show_edit_profile_in_profile_page":"true","show_new_video_player":"false","show_social_proofing":"false","discount_ribbon_text":"type1 | Flat {x} OFF on | timer_OFF","alert_download_size":"10","dark_theme_default":"true","should_show_new_subscription_page":"true","fb_user_auth_using_otp":"false","coupon_scarcity_renewal":"false","invite_whatsapp_popup_delayed_time":"40000","should_play_banner_for_organic_user":"0","should_skip_login_for_all":"false","invite_remote_listening_time":"0","show_onboarding_for_female":"false","should_autoplay_for_d1plus_users":"false","show_review_on_player":"false","animate_share_btn":"true","profile_show_invite_friends":"true","renewal_show_nudge":"false","utm_source_autoplay":"h_y","should_auto_click_miniplayer":"false","show_notification_delay":"300","retry_notification_image_interval":"30","rating_delayed_time":"20000","skip_subscription_screen":"false","popular_search_terms":"Rich Dad Poor Dad, Sirf Tum, Think And Grow Rich, Positive Thinking","play_trailer_on_scroll_show_page":"true","channel_share_image":"false","feedback_medium":"gmail","show_premium_tag":"false","new_mini_player":"false","show_paytm_in_payment_form":"true","signup_mandatory":"false","play_recommended_on_locked_player":"false","invite_no_of_days":"2","episodes_on_content_enabled":"false","content_lang_on_subs_page":"false","show_notification_count":"3","should_show_onboarding_v2":"true","show_subscription_on_unlock_click":"true","subscription_page_url":"\/subscription","show_fomo_paywall":"false","banner_refresh_rate":"10000","show_home_quiz_d1":"false","enable_skip_and_google_login_for_international":"true","duration_on_content_enabled":"true","app_language":"en","show_genre_tag_on_onboarding":"false","channel_thumbnail":"0","creator_alert_visibility":"true","enable_gift_feature":"false"},"fetch_time_key":0,"abt_experiments_key":[],"personalization_metadata_key":{},"template_version_number_key":0,"rollout_metadata_key":[]}