{"Fid":"cNm3_jx_Q7yH-OF6C9GIyQ","Status":3,"AuthToken":"eyJhbGciOiJFUzI1NiIsInR5cCI6IkpXVCJ9.eyJhcHBJZCI6IjE6ODUwMjIwMDM3MDgxOmFuZHJvaWQ6YjgyMDdhYzQwNzViNWUxMTI3NWZjOCIsImV4cCI6MTc2MDY5MzIwMCwiZmlkIjoiY05tM19qeF9RN3lILU9GNkM5R0l5USIsInByb2plY3ROdW1iZXIiOjg1MDIyMDAzNzA4MX0.AB2LPV8wRAIgciRrakF1dKMyB9GsP80E10qxrZfU63Kd9P56yG9xW9QCIGpEg22ze4ToFRt5GO3fF0GBkSlCGKeUiRkiKz8LgVD_","RefreshToken":"3_AS3qfwIAXZVVZKBjzS5kafHRCjxQMRUwDkq0AEWkuVl6vUbvCZtKrmbIaigzVeLLFckX2Fe2SpZ_BNjbmtKNF0KE_1ylTdAz93JC_JXNBG4sFQ","TokenCreationEpochInSecs":1760088398,"ExpiresInSecs":604800}