{"Fid":"enAUrmX_QryHTV0TAZLgjC","Status":3,"AuthToken":"eyJhbGciOiJFUzI1NiIsInR5cCI6IkpXVCJ9.eyJhcHBJZCI6IjE6ODUwMjIwMDM3MDgxOmFuZHJvaWQ6YjgyMDdhYzQwNzViNWUxMTI3NWZjOCIsImV4cCI6MTc2MjQ5ODYzMCwiZmlkIjoiZW5BVXJtWF9RcnlIVFYwVEFaTGdqQyIsInByb2plY3ROdW1iZXIiOjg1MDIyMDAzNzA4MX0.AB2LPV8wRQIhAIoZd1k-XwUtkgI1VNJOgNQHL7u46SC_sXAKy_uLwHRHAiBSsoPys3hrp6GLsBUfHObMpv_QcK7wgGHd--6RtmYzqA","RefreshToken":"3_AS3qfwJ6wrLA9gaZc2XEJ3hrZs7hXxiC2ehVs1zrNlTvzr_AxdaqxPJMOHZfEVRtt6CSSnVf4swCeHbOriRQG4qPV3AyWvDhXLPZ91X7BvTbLcs","TokenCreationEpochInSecs":1761893829,"ExpiresInSecs":604800}