{"Fid":"dNVW9iZmSV2GZcDQKKc_Qn","Status":3,"AuthToken":"eyJhbGciOiJFUzI1NiIsInR5cCI6IkpXVCJ9.eyJhcHBJZCI6IjE6ODUwMjIwMDM3MDgxOmFuZHJvaWQ6YjgyMDdhYzQwNzViNWUxMTI3NWZjOCIsImV4cCI6MTc2MDc4NDIwOSwiZmlkIjoiZE5WVzlpWm1TVjJHWmNEUUtLY19RbiIsInByb2plY3ROdW1iZXIiOjg1MDIyMDAzNzA4MX0.AB2LPV8wRQIhAMpVIMz4Ny-B1PRSSh6uibEcwb-NK1HayX3_vLOsmcN7AiAXt7zVcNg9-wBEdneQuY5g571ZmqKLEfdf4BUu5HHU6g","RefreshToken":"3_AS3qfwJd5bxBKs_rAqKr7bkO-r8MWjbGrISCsIa7MbDdn5q0CN4HqskSYqVUZ7XTDzfURm30Fs3bJ00z6ZYj2xAKURRe0eaWAB2MLKhxV5tnWQ","TokenCreationEpochInSecs":1760179409,"ExpiresInSecs":604800}