{"Fid":"fA7WavENT0mgzGLBJ0VR6D","Status":3,"AuthToken":"eyJhbGciOiJFUzI1NiIsInR5cCI6IkpXVCJ9.eyJhcHBJZCI6IjE6ODUwMjIwMDM3MDgxOmFuZHJvaWQ6YjgyMDdhYzQwNzViNWUxMTI3NWZjOCIsImV4cCI6MTc2MDUzNzUxNiwiZmlkIjoiZkE3V2F2RU5UMG1nekdMQkowVlI2RCIsInByb2plY3ROdW1iZXIiOjg1MDIyMDAzNzA4MX0.AB2LPV8wRQIhAN1FDmm2hm6ikv3FW-5dcZwcn157clAhlWuKrwTWaBNRAiBxeKpTtOnIeKC7zt4qUUX0vobtYaxmpVMX-OyAJoNDgg","RefreshToken":"3_AS3qfwJwwz44Pf0l3HSSoA1G7vgWP4esPtTjxVh7JsaQESW2jgh62pUvuU8FxmUI6Qaf41fmN1gyK_HpN7FYu8ncINwYpmLoHPopLbuuC1gOJhQ","TokenCreationEpochInSecs":1759932715,"ExpiresInSecs":604800}