<?xml version='1.0' encoding='utf-8' standalone='yes' ?>
<map>
    <string name="tutorial_url">https://t.me/how_to_download_007/10</string>
    <string name="dialog_note">&lt;font color=&quot;#00ffff&quot;&gt;&lt;font color=&quot;#ff0000&quot;&gt;⚠️ You Need To Verify in Every 24 hours&lt;/font&gt;&lt;/font&gt;&lt;br&gt;&lt;br&gt;&lt;font color=&quot;#2ecc71&quot;&gt;🔥 After Verify You Can Enjoy Unlimited Content For 24 hours&lt;/font&gt;</string>
    <long name="expires_at" value="0" />
    <string name="gen_pin_url">https://ads.techbloggers.in/ott.php</string>
    <boolean name="has_synced_once" value="true" />
    <string name="chk_status_url">https://ads.techbloggers.in/status_check.php</string>
    <boolean name="dialog_enabled" value="true" />
    <boolean name="is_verified" value="false" />
    <string name="user_token">USER-D6CE25DB</string>
    <string name="join_us_url">https://t.me/OfMods</string>
</map>
