<?xml version='1.0' encoding='utf-8' standalone='yes' ?>
<map>
    <long name="com.appcloner.x.classes.cloneTimestamp" value="1757759806814" />
    <long name="com.facebook.appevents.SessionInfo.sessionStartTime" value="1759932799371" />
    <long name="com.facebook.appevents.SessionInfo.sessionEndTime" value="1759932898983" />
    <boolean name="bg_startup_tracing" value="false" />
    <int name="com.facebook.appevents.SessionInfo.interruptionCount" value="1" />
    <int name="com.appcloner.x.classes.originalInstallVersionCode" value="5040802" />
    <string name="com.facebook.appevents.SessionInfo.sessionId">7f1da75d-4d80-419d-9ab5-92b2cc32616e</string>
</map>
