<?xml version='1.0' encoding='utf-8' standalone='yes' ?>
<map>
    <long name="com.facebook.appevents.SessionInfo.sessionStartTime" value="1761893926180" />
    <long name="com.facebook.appevents.SessionInfo.sessionEndTime" value="1761893932997" />
    <boolean name="bg_startup_tracing" value="false" />
    <int name="com.facebook.appevents.SessionInfo.interruptionCount" value="1" />
    <int name="com.encdata.missl.classes.originalInstallVersionCode" value="5040105" />
    <long name="com.encdata.missl.classes.cloneTimestamp" value="1761840649844" />
    <string name="com.facebook.appevents.SessionInfo.sessionId">71adacaf-a2b8-467e-8965-a138abb83270</string>
</map>
