<?xml version='1.0' encoding='utf-8' standalone='yes' ?>
<map>
    <long name="fire-global" value="1760179446476" />
    <string name="last-used-date">2025-10-11</string>
    <set name="kotlin/2.1.10 android-installer/com.android.packageinstaller fire-installations/18.0.0 fire-auth/23.2.0 fire-rc/22.1.0 device-model/RE54B4L1 android-min-sdk/23 device-name/mt6781 fire-dl/22.1.0 device-brand/realme fire-abt/21.1.1 fire-android/25 fire-core/21.0.0 fire-core-ktx/21.0.0 fire-perf/21.0.4 fire-analytics/22.3.0 android-platform/ fire-fcm/24.1.0 fire-transport/19.0.0 fire-sessions/2.0.9 fire-cls/19.4.1 android-target-sdk/34">
        <string>2025-10-11</string>
    </set>
    <long name="fire-count" value="1" />
</map>
