<?xml version='1.0' encoding='utf-8' standalone='yes' ?>
<map>
    <set name="fire-installations/18.0.0 fire-rc/22.1.0 fire-auth/23.2.0 kotlin/2.2.0 android-min-sdk/23 fire-dl/22.1.0 device-model/7081897587b0e598 device-brand/66b9db24d2bd9405 fire-abt/21.1.1 fire-android/35 android-installer/com.android.vending fire-core/21.0.0 fire-core-ktx/21.0.0 fire-analytics/22.3.0 fire-perf/21.0.4 android-platform/ fire-fcm/24.1.0 device-name/9fafa53dff00eded android-target-sdk/27 fire-transport/19.0.0 fire-sessions/2.0.9 fire-cls/19.4.1">
        <string>2025-10-10</string>
    </set>
    <long name="fire-count" value="1" />
    <string name="last-used-date">2025-10-10</string>
    <long name="fire-global" value="1760088425742" />
</map>
